[
  {
    "customer_id": 1,
    "name": "John Smith",
    "age": 32,
    "email": "john.smith@email.com",
    "city": "New York",
    "country": "USA",
    "signup_date": "2023-03-15",
    "total_purchases": 5,
    "total_spent": 1250.99,
    "customer_tier": "Gold"
  },
  {
    "customer_id": 2,
    "name": "Sarah Johnson",
    "age": 28,
    "email": "sarah.j@email.com",
    "city": "London",
    "country": "UK",
    "signup_date": "2023-05-22",
    "total_purchases": 3,
    "total_spent": 789.50,
    "customer_tier": "Silver"
  },
  {
    "customer_id": 3,
    "name": "Michael Chen",
    "age": 35,
    "email": "m.chen@email.com",
    "city": "Tokyo",
    "country": "Japan",
    "signup_date": "2023-01-10",
    "total_purchases": 8,
    "total_spent": 2150.75,
    "customer_tier": "Platinum"
  },
  {
    "customer_id": 4,
    "name": "Emma Wilson",
    "age": 26,
    "email": "emma.w@email.com",
    "city": "Sydney",
    "country": "Australia",
    "signup_date": "2023-07-08",
    "total_purchases": 2,
    "total_spent": 456.25,
    "customer_tier": "Bronze"
  },
  {
    "customer_id": 5,
    "name": "David Rodriguez",
    "age": 41,
    "email": "d.rodriguez@email.com",
    "city": "Madrid",
    "country": "Spain",
    "signup_date": "2023-02-28",
    "total_purchases": 6,
    "total_spent": 1680.99,
    "customer_tier": "Gold"
  }
]