product_id,product_name,category,price,quantity_sold,revenue,region,sales_date,customer_type
1,Laptop Pro,Electronics,1299.99,45,58499.55,North America,2024-01-15,Business
2,Wireless Mouse,Electronics,29.99,120,3598.80,Europe,2024-01-16,Individual
3,Office Chair,Furniture,199.99,35,6999.65,North America,2024-01-17,Business
4,Smartphone,Electronics,699.99,78,54599.22,Asia,2024-01-18,Individual
5,Desk Lamp,Furniture,49.99,67,3349.33,Europe,2024-01-19,Individual
6,Tablet,Electronics,399.99,52,20799.48,North America,2024-01-20,Business
7,Keyboard,Electronics,79.99,89,7119.11,Asia,2024-01-21,Individual
8,Standing Desk,Furniture,299.99,23,6899.77,Europe,2024-01-22,Business
9,Monitor,Electronics,249.99,67,16749.33,North America,2024-01-23,Business
10,Webcam,Electronics,89.99,134,12058.66,Asia,2024-01-24,Individual